path	selected_blob	monorepo_blob	successor_blob	disposition
CHANGELOG.md	490f6fa0552697102adcb37a475f709bd95c279d	0958c389e98705d2a3e035d3f2bd32e835525edd	0958c389e98705d2a3e035d3f2bd32e835525edd	already-equivalent
Cargo.lock	3d115694556d710cd6f96ab4b20cd62356b4ca9a	absent	9ece57eee464b72a60c6e9247f7ecdda81199528	root-lock-regeneration-required
Justfile	56ade180df80c5ed4c0b874a9649860d74049954	38e5d009a0747ef97de8fdc583c1ab6c07db8feb	38e5d009a0747ef97de8fdc583c1ab6c07db8feb	already-equivalent
README.md	ce8497bbcd0f6b24f41831a1b48e4b1743830629	3b9863bd0249d364b9233e0f860314a2b577d00f	3b9863bd0249d364b9233e0f860314a2b577d00f	already-equivalent
agent/owner-map.json	56db528ce7aa7d4816187f91c2f0c5559cb77ef1	ced00794d22eb895b90446b6172fb5f8afc9892e	ced00794d22eb895b90446b6172fb5f8afc9892e	already-equivalent
agent/test-map.json	e8df0f8ad3a0a1021a3885c361de8acea420cfa3	d86e3dc92192fdcd9deabb9320ec4ed7f42f0538	d86e3dc92192fdcd9deabb9320ec4ed7f42f0538	already-equivalent
contracts/generated/DismissPullReviewRequest.ts	absent	absent	503eeb20dcf1de04d65c5632d5fc82a5b7081f24	owning-contract-regeneration-required
contracts/generated/PullRequestReview.ts	d3281669fe4143d07971af6fefad321cfc1fe52b	d3281669fe4143d07971af6fefad321cfc1fe52b	3f835246cd7e5956c7bc2fb9514bf4b6e8f57a65	owning-contract-regeneration-required
crates/jeryu-core/Cargo.toml	cde967019d219de1ea4f218b6b95a8d66ceeabc5	cde967019d219de1ea4f218b6b95a8d66ceeabc5	fc1cab2f0f0ab25c9b85d3ec6b20ec0414b0ed8e	import-successor-source
crates/jeryu-core/src/branch_protection/evaluate.rs	5e24bd3a5c1e9e0b5b6f1d59fc063f1fd1954197	5e24bd3a5c1e9e0b5b6f1d59fc063f1fd1954197	f87d2aae2e68962ba326d442ed685c8c7ea79c31	import-successor-source
crates/jeryu-core/src/branch_protection/mod.rs	581233a34fb841a11070484258d624a65565ecba	581233a34fb841a11070484258d624a65565ecba	95e4e7d50e8a3d04b6f6fc7a15d3edd99b669611	import-successor-source
crates/jeryu-core/src/branch_protection/reviews.rs	5f5a0b5b7ea99c4e25833ae4de32bd53d06a4888	5f5a0b5b7ea99c4e25833ae4de32bd53d06a4888	453dc209aba5cf5a78f9128768726c23414b4474	import-successor-source
crates/jeryu-core/src/engine/accounts.rs	f8f014f052d45d6acfe8ad7fd01fb194469b9724	f8f014f052d45d6acfe8ad7fd01fb194469b9724	350e7afd5a73031005a2bb937e6d5041a90372d2	import-successor-source
crates/jeryu-core/src/engine/audit.rs	ddf6ca6a11b0cf07f06066409b934a8dded8121b	ddf6ca6a11b0cf07f06066409b934a8dded8121b	82771e100e20cd087c97e9c26c91a10f7773d66b	import-successor-source
crates/jeryu-core/src/engine/auth.rs	38f50854af867a226feecee64c0391f8e124e73e	38f50854af867a226feecee64c0391f8e124e73e	49bdd399a87ab46960ad89dc582e9bd7e63101a1	import-successor-source
crates/jeryu-core/src/engine/branch_protection.rs	903fec82a32a96c03cbc3a4f9d629e02d30181f6	903fec82a32a96c03cbc3a4f9d629e02d30181f6	a9cfbc9dc6dd96d1d86ce7228baf7c3fa8a3fc6d	import-successor-source
crates/jeryu-core/src/engine/check_runs.rs	81d7bf3e11d736bd1e00eee1e37575a307126f90	81d7bf3e11d736bd1e00eee1e37575a307126f90	7d46a6c9ffd77669a3868cda8d11ed67c9afb3c8	import-successor-source
crates/jeryu-core/src/engine/commit_status.rs	67e7b79d7c8777ee7575b3bf5aa9f7a8616e50c6	67e7b79d7c8777ee7575b3bf5aa9f7a8616e50c6	301d716940707ac50111b62e4bab05c4c65187df	import-successor-source
crates/jeryu-core/src/engine/coordinator.rs	absent	absent	742850a72e021a98424910338fffb19e36ceb5ba	import-successor-source
crates/jeryu-core/src/engine/issues.rs	c1b1850b9ebff6d17489b3ed6441d4d399352b3a	c1b1850b9ebff6d17489b3ed6441d4d399352b3a	dbff5610ce9a274e629be571b60b95ec7cc519b7	import-successor-source
crates/jeryu-core/src/engine/jankurai.rs	b212128271898b4f1f180a0b60c8a2db696d93e1	b212128271898b4f1f180a0b60c8a2db696d93e1	638906c849584bd0dc67bbe573af03e8c351da60	import-successor-source
crates/jeryu-core/src/engine/mod.rs	31b4dbc236b408fbb8da12b1e240f788182eb0a8	31b4dbc236b408fbb8da12b1e240f788182eb0a8	fcc995b4a766a836b877d80e1662ae1d852437eb	import-successor-source
crates/jeryu-core/src/engine/pull_requests.rs	4805f7b2cc8294bfdc1ec7911b922a7bfce7b302	4805f7b2cc8294bfdc1ec7911b922a7bfce7b302	f2605c744ea7b67d7a1e9a49ce66f147cc6cbe37	import-successor-source
crates/jeryu-core/src/engine/readmes.rs	f5d5651f56fcf511e06a482ed9a88422763c823b	f5d5651f56fcf511e06a482ed9a88422763c823b	2820395884159f3e053738b9b889f6bf0fcb5670	import-successor-source
crates/jeryu-core/src/engine/repositories.rs	294883dbfc71a1ba62891d52dbe07e24bf00258b	029e640cab0f42b6ade30fd9566ee8a9c9af9db0	3076e10428cd00355a9792307317c17b95c27659	reviewed-visibility-and-runtime-reconciliation
crates/jeryu-core/src/engine/repository_transfer.rs	0cbf76988ce640635d783d878888f3919c6e1d7f	0cbf76988ce640635d783d878888f3919c6e1d7f	1f04bcdaaa30b11ac88f9f1b5206e11d59cb5d68	import-successor-source
crates/jeryu-core/src/engine/reviews.rs	e1f7cc1c9e6d0d4abcf35fc98e589a8f64acdbdc	e1f7cc1c9e6d0d4abcf35fc98e589a8f64acdbdc	0f9c7a2cc3a64f3e3a92189478140ed425397236	import-successor-source
crates/jeryu-core/src/engine/runtime.rs	absent	absent	e4724e67fb764875ef3849706e263e8b8864b2ef	import-successor-source
crates/jeryu-core/src/engine/storage.rs	ed0509a2f7fe29a2a304d390f6a9ef512116e27a	ed0509a2f7fe29a2a304d390f6a9ef512116e27a	3bf6a5e7a742985ca23ed86000a3bb2a07c11b22	import-successor-source
crates/jeryu-core/src/engine/storage/migrations.rs	d0fafe853840e9f6f39efd547c7a8290a99210c6	d0fafe853840e9f6f39efd547c7a8290a99210c6	6c6e8a2ad1b20ea8e742d0a3a31752077fdebdfa	import-successor-source
crates/jeryu-core/src/engine/tests.rs	0d5a2539dc19091538e6aeeb255fd4e87f52d9c6	0d5a2539dc19091538e6aeeb255fd4e87f52d9c6	dd23f1201138e2e3b49f9ad051991ea137819a95	import-successor-source
crates/jeryu-core/src/engine/webhooks.rs	821c630fd7e3f2c596a58e60c5491a2f6d3b9723	821c630fd7e3f2c596a58e60c5491a2f6d3b9723	ee461f1738ebdc081298813d3e443476326a7573	import-successor-source
crates/jeryu-core/src/engine/writer.rs	absent	absent	f9057ff7cca0e6f97a8b42ad822b468215536377	import-successor-source
crates/jeryu-core/src/errors.rs	30d4512636c0e0297e15e5322a00e63aac6409ef	30d4512636c0e0297e15e5322a00e63aac6409ef	e4678976af95731cc62346f46a25fb9e3a27bad0	import-successor-source
crates/jeryu-core/src/lib.rs	daab900bd20c189f33f3e71610859aa9f1c90645	daab900bd20c189f33f3e71610859aa9f1c90645	db482e6bb99086ff9d4b7fec0d18bc72e4746608	import-successor-source
crates/jeryu-core/src/model/pull_requests.rs	60cf891a5fe30c13228beb181bc14d3b8db151ce	60cf891a5fe30c13228beb181bc14d3b8db151ce	dd718828e634b9fe16e0aab44844af815a423681	import-successor-source
crates/jeryu-core/tests/account_lifecycle.rs	60285e0bf1ea5434372b247739ea4d932eedb577	60285e0bf1ea5434372b247739ea4d932eedb577	d50fc5c518c7431f704f5da3260f82501dc73b02	import-successor-source
crates/jeryu-core/tests/domain_crud.rs	26fa04a5d405a44e39766f47e7fd77e09d491c60	863fde3111200c377aeb9d31e28a29b3863d97e0	863fde3111200c377aeb9d31e28a29b3863d97e0	already-equivalent
crates/jeryu-core/tests/pull_request_lifecycle.rs	0144600b86e11dc97dcfcc5130d0c8263b02f634	0144600b86e11dc97dcfcc5130d0c8263b02f634	7f49c0b03918df1babb021e943997d7b8eddbded	import-successor-source
crates/jeryu-core/tests/repository_deletion.rs	7388b7091bb1e01d1400c5ce461029e2c5b89331	7388b7091bb1e01d1400c5ce461029e2c5b89331	4ead125c6a4baca23c4c529d8fdf0770a8b7954d	import-successor-source
crates/jeryu-core/tests/repository_transfer.rs	9351b4e852af15c4d9839c2ee6b25e80a3ba7615	9351b4e852af15c4d9839c2ee6b25e80a3ba7615	25678caff5b70f9932615523379666060601b0ea	import-successor-source
crates/jeryu-core/tests/repository_transfer_failures.rs	1fe021908010ed534936d19c535d741779e45942	1fe021908010ed534936d19c535d741779e45942	7c21725b33ed95e3b49ee80f3389ca5ae4689efe	import-successor-source
crates/jeryu-core/tests/review_semantics.rs	absent	absent	a41c5f4f726e5e08f20abf07ccde9c6706157f10	import-successor-source
crates/jeryu-core/tests/sqlite_persistence.rs	e83f569043cf280d5ae5320cd17397d21a679b3b	6fab4e7eb0bb56136ba5ca2926900ada11baef9f	3003df5b4e4e74498a2d7a7032a7cd82d2cc88a6	reviewed-visibility-and-runtime-reconciliation
crates/jeryu-core/tests/support/mod.rs	absent	absent	3b63da6fcc243c9f7f30e8d62656ffcbfa842e9e	import-successor-source
crates/jeryu-core/tests/writer_runtime.rs	absent	absent	f069f5a13f3f8184be4ea2d25e62c9da8b2f39bf	import-successor-source
crates/jeryu-readmodel/src/contracts/mod.rs	291962d3712dad86f5025e541796e9d36e3083c2	291962d3712dad86f5025e541796e9d36e3083c2	647297fcaebc262ee65efa08b711dd8432483dfa	import-successor-source
crates/jeryu-readmodel/src/contracts/pulls.rs	cfec3b4809caf8dbfe404f7971be0ee8e0ab103e	cfec3b4809caf8dbfe404f7971be0ee8e0ab103e	6dd66ae7b7a51e970bc02bc95b7eae196d434211	import-successor-source
crates/jeryu-readmodel/src/contracts/review.rs	1ddd0e4f746eb5afd73d7d78772352b874ca3b98	1ddd0e4f746eb5afd73d7d78772352b874ca3b98	ea01e3f8fc352a31622fb526d8a466247a52ae32	import-successor-source
db/AGENTS.md	00f90a3ac36eb62284194b60687302900045c292	00f90a3ac36eb62284194b60687302900045c292	cd8300552414bc98dfc695954a71c0b86f1026ee	import-successor-source
db/constraints.md	9054d174cc448b74056a51a6199ea37cdfc2f980	9054d174cc448b74056a51a6199ea37cdfc2f980	1f2f6b878757cac13d435996b3e5a2028968cb74	import-successor-source
db/migrations/0012_review_dismissal_target.meta.toml	absent	absent	32fd811b99518d153b046f451a3b42bd0260ad30	import-successor-source
db/migrations/0012_review_dismissal_target.sql	absent	absent	a8fbd495aae14949f186c205b180c760e5cfc2e5	import-successor-source
db/rollbacks/0012_review_dismissal_target.sql	absent	absent	8b951e2820f4446b4c2f71251538764a12b76b4d	import-successor-source
docs/review-semantics.md	absent	absent	888e583a07a939b57a1ee5784d5f8a8714270e90	import-successor-source
ops/ci/pr-ci.sh	0c909b0515654f1d18492dda9bd449ce1742b905	02720de33a7c91285e9e14fdb7fec3e0fc6634cf	495317252b58d10426ffe43f38f411655717913d	retain-reviewed-monorepo-security-successor
ops/ci/security.sh	ea2b9b43013481b93f0ea5365a92a64cfbea478e	fa91825d56e532a90df2ecd408ebf97addf761af	fa91825d56e532a90df2ecd408ebf97addf761af	already-equivalent
tools/security-lane.sh	absent	9b875190a664d69791451ca5efe14faf290738ab	9b875190a664d69791451ca5efe14faf290738ab	already-equivalent
